<?xml version="1.0" encoding="UTF-8"?>
<beans xmlns="http://www.springframework.org/schema/beans"
	xmlns:xsi="http://www.w3.org/2001/XMLSchema-instance"
	xmlns:context="http://www.springframework.org/schema/context"
	xmlns:mvc="http://www.springframework.org/schema/mvc"
	xsi:schemaLocation="http://www.springframework.org/schema/mvc http://www.springframework.org/schema/mvc/spring-mvc-3.1.xsd
		http://www.springframework.org/schema/beans http://www.springframework.org/schema/beans/spring-beans.xsd
		http://www.springframework.org/schema/context http://www.springframework.org/schema/context/spring-context-3.1.xsd">

	<!-- 유효성 관련 drive -->
	<mvc:annotation-driven/>
	
	<bean class="org.springframework.web.servlet.view.InternalResourceViewResolver">
		<property name="prefix" value="/WEB-INF/boardst/" />
		<property name="suffix" value=".jsp" />
	</bean>
	
	<!-- bean태그를 쓴다는것 => 객체를 만든다는것 -->
	<!-- file을 넣어주기 위한 객체 생성(상품관련 이미지 입력) -->
	<bean id="multipartResolver" class="org.springframework.web.multipart.commons.CommonsMultipartResolver">
		<property name="maxUploadSize" value="10485760"/>	
		<property name="maxInMemorySize" value="10240"/><!-- 임시로 저장 할 수 있는 크기 지정, 필수는 아님 -->
		<property name="defaultEncoding" value="UTF-8"/>	
	</bean>
	
	<context:component-scan base-package="boardst" />
</beans>
