<?xml version="1.0" encoding="UTF-8"?>
<beans xmlns="http://www.springframework.org/schema/beans"
	xmlns:xsi="http://www.w3.org/2001/XMLSchema-instance"
	xmlns:mvc="http://www.springframework.org/schema/mvc"
	xmlns:context="http://www.springframework.org/schema/context"
	xsi:schemaLocation="http://www.springframework.org/schema/mvc http://www.springframework.org/schema/mvc/spring-mvc-3.1.xsd
		http://www.springframework.org/schema/beans http://www.springframework.org/schema/beans/spring-beans.xsd
		http://www.springframework.org/schema/context http://www.springframework.org/schema/context/spring-context-3.1.xsd">

	<!-- 유효성 검사 -->
	<mvc:annotation-driven/>

	<bean class="org.springframework.web.servlet.view.InternalResourceViewResolver">
		<property name="prefix" value="/WEB-INF/boardt/" /> <!-- board 폴더에 있는 jsp를 찾음 -->
		<property name="suffix" value=".jsp" />
	</bean>
	
	<!-- jsp에서 new MultipartRequest(); 괄호 안에 인자 최대 5개 넣을 수 있었음..(?) -->	
	<bean id="multipartResolver" class="org.springframework.web.multipart.commons.CommonsMultipartResolver">
		<property name="maxUploadSize" value="10485760"/>
		<property name="maxInMemorySize" value="10240"/><!-- 임시로 저장할 수 있는 크기 지정(선택사항) -->
		<property name="defaultEncoding" value="UTF-8"/>
	</bean>
	
	
	<context:component-scan base-package="boardt" /><!-- *.bt 요청 들어오면 bt-servlet.xml로 옴 -->
	
</beans>
