<?xml version="1.0" encoding="UTF-8"?>
<!DOCTYPE mapper
  PUBLIC "-//mybatis.org//DTD Mapper 3.0//EN"
  "http://mybatis.org/dtd/mybatis-3-mapper.dtd">

<mapper namespace="board.xml">
	<select id="GetArticleCount" resultType="int">
		select count(*) from board
	</select>
	
	<select id="GetArticles" resultType="board.Csmodel.boardCsBean">
		select num, writer, email, subject, passwd, reg_date, readcount, ref, re_step, re_level, content 
		from (select rownum as rank, num, writer, email, subject, passwd, reg_date, readcount, ref, re_step, re_level, content
		from (select num, writer, email, subject, passwd, reg_date, readcount, ref, re_step, re_level, content
		from board 
		order by ref desc, re_step asc )) 
	</select>
	
	<insert id="InsertArticle">
		insert into board(num, writer, email, subject, passwd, reg_date, readcount, ref, re_step, re_level, content)
		values(board_seq.nextval,#{writer},#{email},#{subject},#{passwd},#{reg_date},#{readcount},board_seq.currval,0,0,#{content})
	</insert>
	
	<select id="GetArticle" resultType="board.Csmodel.boardCsBean">
		select * from board where num=#{num}
	</select>
	
	<update id="AddReadCount">
		update board set readcount = readcount+1 where num=#{num}
	</update>
	
	<select id="GetBoardPassword" resultType="String">
		select passwd from board where num=#{num}
	</select>
	
	<update id="UpdateArticle">
		update board set writer=#{writer}, email=#{email}, subject=#{subject}, content=#{content} where num=#{num}
	</update>
	
	<delete id="DeleteArticle">
		delete board where num=#{num}
	</delete>
	
	<update id="ReplyArticle_1">
		update board set re_step=re_step+1 where ref=#{ref} and re_step>#{re_step}	
	</update>

	<insert id="ReplyArticle_2">
		insert into board(num,writer,email,subject,passwd,reg_date,ref,re_step,re_level,content)
		values(board_seq.nextval,#{writer},#{email},#{subject},#{passwd},#{reg_date},#{ref},#{re_step}+1,#{re_level}+1,#{content})
	</insert>
</mapper>
