<?xml version="1.0" encoding="UTF-8"?>
<!DOCTYPE mapper
  PUBLIC "-//mybatis.org//DTD Mapper 3.0//EN"
  "http://mybatis.org/dtd/mybatis-3-mapper.dtd">

<mapper namespace="course.model.COSBean">

	<select id="GetCOSListCount" resultType="int">

      select count(*) from courses
      <if test="cosubject == null">   
          <if test="whatColumn=='coname'">
            where UPPER(coname) like UPPER(#{keyword})
          </if>
          <if test="whatColumn=='coteacher'">
            where UPPER(coteacher) like UPPER(#{keyword})
          </if>
          <if test="whatColumn=='cosubject'">
            where UPPER(cosubject) like UPPER(#{keyword})
          </if>
       </if>
       
       <if test="cosubject != null">
         where cosubject=#{cosubject}
          <if test="whatColumn=='coname'">
            and UPPER(coname) like UPPER(#{keyword})
          </if>
          <if test="whatColumn=='coteacher'">
            and UPPER(coteacher) like UPPER(#{keyword})
          </if>
          <if test="whatColumn=='cosubject'">
            and UPPER(cosubject) like UPPER(#{keyword})
          </if>
       </if>
      
      order by conum desc
<!--    
      select count(*) from courses
      
      <if test="whatColumn=='coname'">
         where coname like UPPER(#{keyword})
      </if>
      <if test="whatColumn=='coteacher'">
         where coteacher like UPPER(#{keyword})
      </if>
      <if test="whatColumn=='cosubject'">
         where cosubject like UPPER(#{keyword})
      </if>
      
      <if test="cosubject != null">
          where cosubject=#{cosubject}
      </if> 
      
      order by conum desc
      -->
		
	</select>
  	
  	     <select id="GetCOSList" resultType="course.model.COSBean">
      select * from courses
      <if test="cosubject == null">   
          <if test="whatColumn=='coname'">
            where UPPER(coname) like UPPER(#{keyword})
          </if>
          <if test="whatColumn=='coteacher'">
            where UPPER(coteacher) like UPPER(#{keyword})
          </if>
          <if test="whatColumn=='cosubject'">
            where UPPER(cosubject) like UPPER(#{keyword})
          </if>
       </if>
       
       <if test="cosubject != null">
         where cosubject=#{cosubject}
          <if test="whatColumn=='coname'">
            and UPPER(coname) like UPPER(#{keyword})
          </if>
          <if test="whatColumn=='coteacher'">
            and UPPER(coteacher) like UPPER(#{keyword})
          </if>
          <if test="whatColumn=='cosubject'">
            and UPPER(cosubject) like UPPER(#{keyword})
          </if>
       </if>
      
      order by conum desc

<!--      select * from courses
        <if test="whatColumn=='coname'">
         where coname like UPPER(#{keyword})
      </if>
      <if test="whatColumn=='coteacher'">
         where coteacher like UPPER(#{keyword})
      </if>
      <if test="whatColumn=='cosubject'">
         where cosubject like UPPER(#{keyword})
      </if>
      <if test="cosubject != null">
          where cosubject=#{cosubject}
      </if>
      order by conum desc -->
     </select>
  	
  	<select id="GetCOS" resultType="course.model.COSBean">
  		select * from courses where conum=#{conum}
  	</select>
  	
  	<select id="GetTESubList" resultType="course.model.COSBean"><!-- coteacher과 tname이 일치하는지 확인 -->
  		select * from courses where coname=#{coname}
  	</select>
  	
  	<insert id="InsertCOS">
  		insert into courses(conum,coname,coteacher,cosubject,coimage,covideo,cocontent,coprice,coupload_date)
  		values(cos_seq.nextval,#{coname},#{coteacher},#{cosubject},#{covideo},#{cocontent},#{coprice},#{coupload_date})
  	</insert>

  	<update id="UpdateCOS">
  		update courses set coname=#{coname},coteacher=#{coteacher},cosubject=#{cosubject},covideo=#{covideo},cocontent=#{cocontent},coprice=#{coprice}
  		where conum=#{conum}
  	</update>
  	<delete id="DeleteCOS">
  		delete courses where conum=#{conum}
  	</delete>
  	
  	<select id="GetSubject" resultType="String">
  		select subname from subjects
  		order by subname
  	</select>
  	
  	
</mapper>