<?xml version="1.0" encoding="UTF-8"?>
<!DOCTYPE mapper
  PUBLIC "-//mybatis.org//DTD Mapper 3.0//EN"
  "http://mybatis.org/dtd/mybatis-3-mapper.dtd">

<mapper namespace="member.model.Member">

	<insert id="InsertMember">
 		insert into accounts(anum,aname,type,id,pw,rrn1,rrn2,email,phone1,phone2,phone3,addr,joindate)
		values(acc_seq.nextval,#{aname},#{type},#{id},#{pw},#{rrn1},#{rrn2},#{email},#{phone1},#{phone2},#{phone3},#{addr},sysdate)
 	</insert>
	
	<select id="SearchId" resultType="MyMember">
		select * from accounts where id=#{id}
	</select>
	
	<select id="IdCheck" resultType="String">
		select id from accounts where id=#{id}
	</select>
	
	<update id="UpdatePw">
		update accounts set pw=#{pw} where email=#{email}
	</update>
	
	<select id="GetPw" resultType="String">
		select pw from accounts where id=#{id}
	</select>
	
	<select id="SearchIdByBean" resultType="MyMember">
		select * from accounts where aname=#{aname} and email=#{email}
	</select>
 	
	<select id="MemberAll" resultType="MyMember">
 		select * from accounts order by anum
 	</select>
 	
	<select id="SelectMember" resultType="MyMember">
 		select * from accounts where anum=#{anum}
 	</select>
 	
 	<update id="UpdateMember">
 		update accounts set pw=#{pw},aname=#{aname},rrn1=#{rrn1},rrn2=#{rrn2},email=#{email},phone1=#{phone1},phone2=#{phone2},phone3=#{phone3} where anum=#{anum}
 	</update>
 	
 	<delete id="DeleteMember">
 		delete accounts where id=#{id} and pw=#{pw}
 	</delete>
 	
 	<select id="GetTeacherData" resultType="admin.model.TeacherBean">
 		select anum,tnum,aname,tname,type,id,tid,pw,rrn1,rrn2,email,phone1,phone2,phone3,addr,joindate,t_image,subject,visa,tterm,twageratio,introduction
		from accounts,teachers where id=tid and anum=#{anum}
 	</select>
 	
 	<select id="GetCourseCount" resultType="int">
 		select count(*) from courses
 		where coteacher=#{coteacher}
 		<if test="whatColumn != null">
 		and cosubject=#{whatColumn}
 		</if>
 		<if test="keyword != null">
 		and coname like #{keyword}
 		</if>
 	</select>
	
 	<select id="GetAllCourse" resultType="course.model.COSBean">
 		select * from courses
 		where coteacher=#{coteacher}
 		<if test="whatColumn != null">
 		and cosubject=#{whatColumn}
 		</if>
 		<if test="keyword != null">
 		and coname like #{keyword}
 		</if>
 		order by conum desc
 	</select>
 	
 	<select id="GetSubject" resultType="String">
 		select subname from subjects order by subname
 	</select>
</mapper>
<!-- member.xml -->

